{
  "experiment": "gemma3_1b_16k",
  "n_random_directions": 200,
  "d_model": 1152,
  "kurtosis": {
    "mean": 0.10775171965360641,
    "std": 0.15095916390419006,
    "min": -0.4397735595703125,
    "max": 0.5768320560455322
  },
  "sae_cosine_sim": {
    "mean_max": 0.12092100828886032,
    "std": 0.007316437549889088,
    "max": 0.14625732600688934
  }
}