{
  "experiment": "gemma3_1b_16k",
  "sae_width": 16384,
  "n_ica_components": 200,
  "mean_max_cosine": 0.21436698734760284,
  "median_max_cosine": 0.1967373490333557,
  "high_similarity_gt_0.8": 0,
  "medium_similarity_0.3_to_0.8": 12,
  "low_similarity_lt_0.3": 188
}