{
  "experiment": "gemma3_1b_16k",
  "ica_kurtosis": {
    "mean": 0.1863389015197754,
    "median": 0.14330995082855225,
    "min": -0.2277212142944336,
    "max": 1.3233814239501953
  },
  "sae_kurtosis": {
    "n_active": 7567,
    "n_valid": 7567,
    "mean": 871.5681020400102,
    "median": 623.2009144657109,
    "min": 1.3444490286631199,
    "max": 10637.760866418292
  }
}