{
  "experiment": "gemma3_1b_262k",
  "ica_kurtosis": {
    "mean": 0.12915390729904175,
    "median": 0.12142670154571533,
    "min": -0.3172125816345215,
    "max": 1.5332956314086914
  },
  "sae_kurtosis": {
    "n_active": 10070,
    "n_valid": 10070,
    "mean": 1025.757885920165,
    "median": 690.9203051802972,
    "min": 2.3707285374204963,
    "max": 31818.590434910187
  }
}